kind,id,title,subtitle
"textbook","01-grade01-khmer-khmer","ភាសាខ្មែរ ថ្នាក់ទី១","Khmer · Grade 1"
"textbook","01-grade12-math-basic-khmer","គណិតវិទ្យា ថ្នាក់ទី១២ (មូលដ្ឋាន)","Mathematics · Grade 12 (Basic)"
"textbook","02-grade01-math-khmer","គណិតវិទ្យា ថ្នាក់ទី១","Mathematics · Grade 1"
"textbook","02-grade12-english","ភាសាអង់គ្លេស ថ្នាក់ទី១២","English · Grade 12"
"textbook","03-grade01-science-khmer","វិទ្យាសាស្ត្រ ថ្នាក់ទី១","Science · Grade 1"
"textbook","03-grade10-math-part2-khmer","គណិតវិទ្យា ថ្នាក់ទី១០ (ភាគ២)","Mathematics · Grade 10 (Part 2)"
"textbook","04-grade01-pe-khmer","អប់រំកាយ ថ្នាក់ទី១","Physical Education · Grade 1"
"textbook","04-grade08-science-khmer","វិទ្យាសាស្ត្រ ថ្នាក់ទី៨","Science · Grade 8"
"textbook","05-grade02-khmer-khmer","ភាសាខ្មែរ ថ្នាក់ទី២","Khmer · Grade 2"
"textbook","05-grade07-math-homework-khmer","គណិតវិទ្យា ថ្នាក់ទី៧ (លំហាត់)","Mathematics · Grade 7 (Homework)"
"textbook","06-grade02-math-khmer","គណិតវិទ្យា ថ្នាក់ទី២","Mathematics · Grade 2"
"textbook","07-grade02-science-khmer","វិទ្យាសាស្ត្រ ថ្នាក់ទី២","Science · Grade 2"
"textbook","08-grade02-pe-khmer","អប់រំកាយ ថ្នាក់ទី២","Physical Education · Grade 2"
"textbook","09-grade03-khmer-khmer","ភាសាខ្មែរ ថ្នាក់ទី៣","Khmer · Grade 3"
"textbook","10-grade03-math-khmer","គណិតវិទ្យា ថ្នាក់ទី៣","Mathematics · Grade 3"
"textbook","11-grade03-science-khmer","វិទ្យាសាស្ត្រ ថ្នាក់ទី៣","Science · Grade 3"
"textbook","12-grade03-pe-khmer","អប់រំកាយ ថ្នាក់ទី៣","Physical Education · Grade 3"
"textbook","13-grade04-khmer-khmer","ភាសាខ្មែរ ថ្នាក់ទី៤","Khmer · Grade 4"
"textbook","14-grade04-math-khmer","គណិតវិទ្យា ថ្នាក់ទី៤","Mathematics · Grade 4"
"textbook","15-grade04-science-khmer","វិទ្យាសាស្ត្រ ថ្នាក់ទី៤","Science · Grade 4"
"textbook","16-grade04-social-khmer","សិក្សាសង្គម ថ្នាក់ទី៤","Social Studies · Grade 4"
"textbook","17-grade04-history-khmer","ប្រវត្តិវិទ្យា ថ្នាក់ទី៤","History · Grade 4"
"textbook","18-grade04-english-khmer","ភាសាអង់គ្លេស ថ្នាក់ទី៤","English · Grade 4"
"textbook","19-grade04-pe-khmer","អប់រំកាយ ថ្នាក់ទី៤","Physical Education · Grade 4"
"textbook","20-grade05-khmer-khmer","ភាសាខ្មែរ ថ្នាក់ទី៥","Khmer · Grade 5"
"textbook","21-grade05-math-khmer","គណិតវិទ្យា ថ្នាក់ទី៥","Mathematics · Grade 5"
"textbook","22-grade05-science-khmer","វិទ្យាសាស្ត្រ ថ្នាក់ទី៥","Science · Grade 5"
"textbook","23-grade05-social-khmer","សិក្សាសង្គម ថ្នាក់ទី៥","Social Studies · Grade 5"
"textbook","24-grade05-english-khmer","ភាសាអង់គ្លេស ថ្នាក់ទី៥","English · Grade 5"
"textbook","25-grade05-pe-khmer","អប់រំកាយ ថ្នាក់ទី៥","Physical Education · Grade 5"
"textbook","26-grade06-khmer-khmer","ភាសាខ្មែរ ថ្នាក់ទី៦","Khmer · Grade 6"
"textbook","27-grade06-math-khmer","គណិតវិទ្យា ថ្នាក់ទី៦","Mathematics · Grade 6"
"textbook","28-grade06-science-khmer","វិទ្យាសាស្ត្រ ថ្នាក់ទី៦","Science · Grade 6"
"textbook","29-grade06-social-khmer","សិក្សាសង្គម ថ្នាក់ទី៦","Social Studies · Grade 6"
"textbook","30-grade06-english-khmer","ភាសាអង់គ្លេស ថ្នាក់ទី៦","English · Grade 6"
"textbook","31-grade06-pe-khmer","អប់រំកាយ ថ្នាក់ទី៦","Physical Education · Grade 6"
"textbook","32-grade07-khmer-khmer","ភាសាខ្មែរ ថ្នាក់ទី៧","Khmer · Grade 7"
"textbook","33-grade07-math-khmer","គណិតវិទ្យា ថ្នាក់ទី៧","Mathematics · Grade 7"
"textbook","34-grade07-science-khmer","វិទ្យាសាស្ត្រ ថ្នាក់ទី៧","Science · Grade 7"
"textbook","35-grade07-physics-khmer","រូបវិទ្យា ថ្នាក់ទី៧","Physics · Grade 7"
"textbook","36-grade07-chemistry-khmer","គីមីវិទ្យា ថ្នាក់ទី៧","Chemistry · Grade 7"
"textbook","37-grade07-biology-khmer","ជីវវិទ្យា ថ្នាក់ទី៧","Biology · Grade 7"
"textbook","38-grade07-earth-khmer","ផែនដីវិទ្យា ថ្នាក់ទី៧","Earth Science · Grade 7"
"textbook","39-grade07-social-khmer","សិក្សាសង្គម ថ្នាក់ទី៧","Social Studies · Grade 7"
"textbook","40-grade07-english-khmer","ភាសាអង់គ្លេស ថ្នាក់ទី៧","English · Grade 7"
"textbook","41-grade08-khmer-khmer","ភាសាខ្មែរ ថ្នាក់ទី៨","Khmer · Grade 8"
"textbook","42-grade08-math-khmer","គណិតវិទ្យា ថ្នាក់ទី៨","Mathematics · Grade 8"
"textbook","43-grade08-science-khmer","វិទ្យាសាស្ត្រ ថ្នាក់ទី៨","Science · Grade 8"
"textbook","44-grade08-physics-khmer","រូបវិទ្យា ថ្នាក់ទី៨","Physics · Grade 8"
"textbook","45-grade08-chemistry-khmer","គីមីវិទ្យា ថ្នាក់ទី៨","Chemistry · Grade 8"
"textbook","46-grade08-biology-khmer","ជីវវិទ្យា ថ្នាក់ទី៨","Biology · Grade 8"
"textbook","47-grade08-social-khmer","សិក្សាសង្គម ថ្នាក់ទី៨","Social Studies · Grade 8"
"textbook","48-grade08-english-khmer","ភាសាអង់គ្លេស ថ្នាក់ទី៨","English · Grade 8"
"textbook","49-grade09-khmer-khmer","ភាសាខ្មែរ ថ្នាក់ទី៩","Khmer · Grade 9"
"textbook","50-grade09-math-khmer","គណិតវិទ្យា ថ្នាក់ទី៩","Mathematics · Grade 9"
"textbook","51-grade09-science-khmer","វិទ្យាសាស្ត្រ ថ្នាក់ទី៩","Science · Grade 9"
"textbook","52-grade09-physics-khmer","រូបវិទ្យា ថ្នាក់ទី៩","Physics · Grade 9"
"textbook","53-grade09-chemistry-khmer","គីមីវិទ្យា ថ្នាក់ទី៩","Chemistry · Grade 9"
"textbook","54-grade09-biology-khmer","ជីវវិទ្យា ថ្នាក់ទី៩","Biology · Grade 9"
"textbook","55-grade09-social-khmer","សិក្សាសង្គម ថ្នាក់ទី៩","Social Studies · Grade 9"
"textbook","56-grade09-history-khmer","ប្រវត្តិវិទ្យា ថ្នាក់ទី៩","History · Grade 9"
"textbook","57-grade09-geography-khmer","ភូមិវិទ្យា ថ្នាក់ទី៩","Geography · Grade 9"
"textbook","58-grade09-english-khmer","ភាសាអង់គ្លេស ថ្នាក់ទី៩","English · Grade 9"
"textbook","59-grade10-khmer-khmer","ភាសាខ្មែរ ថ្នាក់ទី១០","Khmer · Grade 10"
"textbook","60-grade10-math-khmer","គណិតវិទ្យា ថ្នាក់ទី១០","Mathematics · Grade 10"
"textbook","61-grade10-physics-khmer","រូបវិទ្យា ថ្នាក់ទី១០","Physics · Grade 10"
"textbook","62-grade10-chemistry-khmer","គីមីវិទ្យា ថ្នាក់ទី១០","Chemistry · Grade 10"
"textbook","63-grade10-biology-khmer","ជីវវិទ្យា ថ្នាក់ទី១០","Biology · Grade 10"
"textbook","64-grade10-earth-khmer","ផែនដីវិទ្យា ថ្នាក់ទី១០","Earth Science · Grade 10"
"textbook","65-grade10-social-khmer","សិក្សាសង្គម ថ្នាក់ទី១០","Social Studies · Grade 10"
"textbook","66-grade10-history-khmer","ប្រវត្តិវិទ្យា ថ្នាក់ទី១០","History · Grade 10"
"textbook","67-grade10-geography-khmer","ភូមិវិទ្យា ថ្នាក់ទី១០","Geography · Grade 10"
"textbook","68-grade10-civics-khmer","ពលរដ្ឋវិជ្ជា ថ្នាក់ទី១០","Civics · Grade 10"
"textbook","69-grade10-english-khmer","ភាសាអង់គ្លេស ថ្នាក់ទី១០","English · Grade 10"
"textbook","70-grade10-tech-khmer","បច្ចេកវិទ្យា ថ្នាក់ទី១០","Technology · Grade 10"
"textbook","71-grade10-pe-khmer","អប់រំកាយ ថ្នាក់ទី១០","Physical Education · Grade 10"
"textbook","72-grade11-khmer-lit-khmer","ភាសាខ្មែរ ថ្នាក់ទី១១ (lit)","Khmer · Grade 11 (lit)"
"textbook","73-grade11-math-khmer","គណិតវិទ្យា ថ្នាក់ទី១១","Mathematics · Grade 11"
"textbook","74-grade11-physics-khmer","រូបវិទ្យា ថ្នាក់ទី១១","Physics · Grade 11"
"textbook","75-grade11-chemistry-khmer","គីមីវិទ្យា ថ្នាក់ទី១១","Chemistry · Grade 11"
"textbook","76-grade11-biology-khmer","ជីវវិទ្យា ថ្នាក់ទី១១","Biology · Grade 11"
"textbook","77-grade11-earth-khmer","ផែនដីវិទ្យា ថ្នាក់ទី១១","Earth Science · Grade 11"
"textbook","78-grade11-history-khmer","ប្រវត្តិវិទ្យា ថ្នាក់ទី១១","History · Grade 11"
"textbook","79-grade11-geography-khmer","ភូមិវិទ្យា ថ្នាក់ទី១១","Geography · Grade 11"
"textbook","80-grade11-civics-khmer","ពលរដ្ឋវិជ្ជា ថ្នាក់ទី១១","Civics · Grade 11"
"textbook","81-grade11-english-teachers-book-khmer","ភាសាអង់គ្លេស ថ្នាក់ទី១១ (teachers-book)","English · Grade 11 (teachers-book)"
"textbook","82-grade11-tech-khmer","បច្ចេកវិទ្យា ថ្នាក់ទី១១","Technology · Grade 11"
"textbook","83-grade11-pe-khmer","អប់រំកាយ ថ្នាក់ទី១១","Physical Education · Grade 11"
"textbook","84-grade12-khmer-khmer","ភាសាខ្មែរ ថ្នាក់ទី១២","Khmer · Grade 12"
"textbook","85-grade12-khmer-lit-khmer","ភាសាខ្មែរ ថ្នាក់ទី១២ (lit)","Khmer · Grade 12 (lit)"
"textbook","86-grade12-math-khmer","គណិតវិទ្យា ថ្នាក់ទី១២","Mathematics · Grade 12"
"textbook","87-grade12-physics-khmer","រូបវិទ្យា ថ្នាក់ទី១២","Physics · Grade 12"
"textbook","88-grade12-chemistry-khmer","គីមីវិទ្យា ថ្នាក់ទី១២","Chemistry · Grade 12"
"textbook","89-grade12-biology-khmer","ជីវវិទ្យា ថ្នាក់ទី១២","Biology · Grade 12"
"textbook","90-grade12-history-khmer","ប្រវត្តិវិទ្យា ថ្នាក់ទី១២","History · Grade 12"
"textbook","91-grade12-geography-khmer","ភូមិវិទ្យា ថ្នាក់ទី១២","Geography · Grade 12"
"textbook","92-grade12-civics-khmer","ពលរដ្ឋវិជ្ជា ថ្នាក់ទី១២","Civics · Grade 12"
"textbook","93-grade12-english-khmer","ភាសាអង់គ្លេស ថ្នាក់ទី១២","English · Grade 12"
"textbook","94-grade12-tech-khmer","បច្ចេកវិទ្យា ថ្នាក់ទី១២","Technology · Grade 12"
"textbook","95-grade12-pe-khmer","អប់រំកាយ ថ្នាក់ទី១២","Physical Education · Grade 12"
"past-paper","01-french-period-key-questions","សម័យអាណានិគមបារាំង (សំណួរគន្លឹះ)","The French Colonial Period (Key Questions)"
"past-paper","02-french-period-answers","សម័យអាណានិគមបារាំង (ចម្លើយ)","The French Colonial Period (Answers)"
"past-paper","03-sangkum-reastr-niyum","សង្គមរាស្ត្រនិយម","Sangkum Reastr Niyum"
"past-paper","04-sangkum-reastr-niyum-answers","សង្គមរាស្ត្រនិយម (ចម្លើយ)","Sangkum Reastr Niyum (Answers)"
"past-paper","05-khmer-republic","សាធារណរដ្ឋខ្មែរ","The Khmer Republic"
"past-paper","06-democratic-kampuchea","កម្ពុជាប្រជាធិបតេយ្យ","Democratic Kampuchea"
"past-paper","07-peoples-republic-kampuchea","សាធារណរដ្ឋប្រជាមានិតកម្ពុជា","The People's Republic of Kampuchea"
"past-paper","08-second-kingdom","ព្រះរាជាណាចក្រកម្ពុជាទីពីរ","The Second Kingdom"
"past-paper","09-cambodia-general-history","ប្រវត្តិសាស្ត្រកម្ពុជាទូទៅ","General History of Cambodia"
"past-paper","10-regional-world-history","ប្រវត្តិសាស្ត្រតំបន់ និងពិភពលោក","Regional & World History"
"past-paper","11-exam-prep-general","ត្រៀមប្រឡងទូទៅ","General Exam Preparation"
"past-paper","12-bac-history-2014-2019","វិញ្ញាសាបាក់ឌុប ប្រវត្តិវិទ្យា ២០១៤-២០១៩","BacII History Papers 2014-2019"
"past-paper","13-grade12-history-summary","សង្ខេបប្រវត្តិវិទ្យា ថ្នាក់ទី១២","Grade 12 History Summary"
"past-paper","14-extra-paper","វិញ្ញាសាបន្ថែម","Extra Paper"
"formula","00000136-chemistry-formulas-g12-khmer","រូបមន្តគីមីវិទ្យា ថ្នាក់ទី១២","Chemistry Formulas · Grade 12"
"formula","00000275-physics-summary-and-exercises-g12-khmer","រូបមន្តរូបវិទ្យា ថ្នាក់ទី១២ (Summary And Exercises)","Physics Formulas · Grade 12 · (Summary And Exercises)"
"formula","00000322-physics-formulas-and-solutions-g12-khmer","រូបមន្តរូបវិទ្យា ថ្នាក់ទី១២ (និងដំណោះស្រាយ)","Physics Formulas · Grade 12 · (with Solutions)"
"formula","00000367-math-summary-and-exercises-g12-khmer","រូបមន្តគណិតវិទ្យា ថ្នាក់ទី១២ (Summary And Exercises)","Mathematics Formulas · Grade 12 · (Summary And Exercises)"
"formula","00000378-chemistry-summary-and-exercises-g12-khmer","រូបមន្តគីមីវិទ្យា ថ្នាក់ទី១២ (Summary And Exercises)","Chemistry Formulas · Grade 12 · (Summary And Exercises)"
"formula","00000405-biology-summary-and-exercises-g12-khmer","រូបមន្តជីវវិទ្យា ថ្នាក់ទី១២ (Summary And Exercises)","Biology Formulas · Grade 12 · (Summary And Exercises)"
"formula","00000414-physics-summary-and-exercises-g12-khmer","រូបមន្តរូបវិទ្យា ថ្នាក់ទី១២ (Summary And Exercises)","Physics Formulas · Grade 12 · (Summary And Exercises)"
"formula","00000488-math-summary-and-exercises-g12-khmer-v2","រូបមន្តគណិតវិទ្យា ថ្នាក់ទី១២ (Summary And Exercises) កំណែទី២","Mathematics Formulas · Grade 12 · (Summary And Exercises) · v2"
"formula","00000505-chemistry-summary-and-exercises-g12-khmer-v2","រូបមន្តគីមីវិទ្យា ថ្នាក់ទី១២ (Summary And Exercises) កំណែទី២","Chemistry Formulas · Grade 12 · (Summary And Exercises) · v2"
"formula","00002586-differential-calculus-semester1-summary-khmer","រូបមន្តdifferential (Calculus Semester1 Summary)","differential Formulas · (Calculus Semester1 Summary)"
"formula","00002655-physics-formulas-g07-khmer","រូបមន្តរូបវិទ្យា ថ្នាក់ទី៧","Physics Formulas · Grade 7"
"formula","00002705-differential-equations-tips-g12-khmer","រូបមន្តdifferential ថ្នាក់ទី១២ (Equations Tips)","differential Formulas · Grade 12 · (Equations Tips)"
"formula","00003271-basic-math-for-physics-english","រូបមន្តbasic (Math For Physics)","basic Formulas · (Math For Physics)"
"formula","00003344-math-formulas-g10-g12-khmer","រូបមន្តគណិតវិទ្យា ថ្នាក់ទី១០-១២","Mathematics Formulas · Grade 10-12"
"formula","00003622-physics-formulas-summary-g12-khmer","រូបមន្តរូបវិទ្យា ថ្នាក់ទី១២ (សង្ខេប)","Physics Formulas · Grade 12 · (Summary)"
"formula","00003791-physics-formulas-summary-g12-khmer-v2","រូបមន្តរូបវិទ្យា ថ្នាក់ទី១២ (សង្ខេប) កំណែទី២","Physics Formulas · Grade 12 · (Summary) · v2"
"formula","00003792-physics-formulas-and-solutions-g12-study-club-khmer","រូបមន្តរូបវិទ្យា ថ្នាក់ទី១២ (និងដំណោះស្រាយ)","Physics Formulas · Grade 12 · (with Solutions) · Study Club"
"formula","00004000-equations-and-inequalities-tips-g12-khmer","រូបមន្តequations ថ្នាក់ទី១២ (And Inequalities Tips)","equations Formulas · Grade 12 · (And Inequalities Tips)"
"formula","00004481-math-formulas-g12-khmer","រូបមន្តគណិតវិទ្យា ថ្នាក់ទី១២","Mathematics Formulas · Grade 12"
"formula","00007566-real-number-sequences-tips-g12-khmer","រូបមន្តreal ថ្នាក់ទី១២ (Number Sequences Tips)","real Formulas · Grade 12 · (Number Sequences Tips)"
"formula","derm3rean-g12-formula-summary-khmer","Derm3rean G12 Formula Summary Khmer",""
"formula","heang-pithou-math-formula-compilation-g12-177p-khmer","Heang Pithou Math Formula Compilation G12 177p Khmer",""
"formula","khexam-biology-formulas-and-notes-g12-khmer","Khexam Biology Formulas And Notes G12 Khmer",""
"formula","khexam-biology-pictures-and-formulas-khmer","Khexam Biology Pictures And Formulas Khmer",""
"formula","khexam-chemistry-formulas-g12-khmer","Khexam Chemistry Formulas G12 Khmer",""
"formula","khexam-math-formulas-g12-khmer","Khexam Math Formulas G12 Khmer",""
"formula","khexam-organic-chemistry-reactions-summary-khmer","Khexam Organic Chemistry Reactions Summary Khmer",""
"formula","lim-phalkun-math-formula-summary-g12-khmer","Lim Phalkun Math Formula Summary G12 Khmer",""
"formula","math24-trigonometric-formulas-khmer","Math24 Trigonometric Formulas Khmer",""
"formula","physics-formulas-g12-60p-scanned-khmer","Physics Formulas G12 60p Scanned Khmer",""
"formula","rathamathpress-math-formula-book-g12-126p-khmer","Rathamathpress Math Formula Book G12 126p Khmer",""
"formula","rathamathpress-mathematical-formulas-g12-khmer","Rathamathpress Mathematical Formulas G12 Khmer",""
"formula","reanscience-physics-formula-summary-g12-khmer","Reanscience Physics Formula Summary G12 Khmer",""
"formula","sengsopheasith-g12-math-formulas-2015-khmer","Sengsopheasith G12 Math Formulas 2015 Khmer",""
"formula","sengsopheasith-math-formulas-g12-2024-khmer","Sengsopheasith Math Formulas G12 2024 Khmer",""
"formula","sengsopheasith-math-formulas-g12-sam-samnang-86p-khmer","Sengsopheasith Math Formulas G12 Sam Samnang 86p Khmer",""
