question,option_1,option_2,option_3,option_4,correct_answer,explanation,question_type
"2
គណនាលីមីត (2 ។ 3)
\lim_{x \to 2} (x^2 + 3)",7,8,6,14,7,"ដំណោះស្រាយ

ដោយសារអនុគមន៍ពហុធាជាប់ត្រង់ ,» -- 2 យើង

គ្រាន់តែជំនួស 2 = 2 ចូល៖ 2? | 3 = 4 | 3 = 7។",multiple_choice
"ន 22 -- 9
គណនាលីមីត 3 2 3 ?
$$\lim _ { x \to 3 } \frac { x ^ { 2 } - 9 } { x - 3 }$$",7,6,5,12,6,"ម

នេះជាទម្រង់មិនកំណត់ 0។ យើងដាក់ជាផលគុណ

កត្តា៖ 282 ។ នាំឱ្យលីមីតគឺ",multiple_choice
"្ប ន 527
គណនាលីមីត .:៕ 2 ?
$$\lim_{x \to 0} \frac{\sin 5 x}{x}$$",6,4,10,5,5,"នរំ ៤

ប្រើរូបមន្ត [ថា 1។ ត្រង់នេះ
នា ៦2 = 5. នរ ៦52 _› 5(1) = 5

ន ង ។",multiple_choice
"3 _ 1
គណនាលីមីត ង 1 ?
$$\lim _ { x \to 1 } \frac { x ^ { 3 } - 1 } { x - 1 } ?$$",3,4,2,6,3,"បំបែករាង 2 -- 1 = (2 -- 1)(2? -- 2 - 1) ។
សម្រួល (2 -- 1) ចោល សល់ 2? | 2 - 1។ ជំនួស

2 = 1 បាន1-1-1=23។",multiple_choice
"== រា
គណនាលីមីត +“ +/:2 -- 2 ?
$$\lim _ { x \to 4 } \frac { x - 4 } { \sqrt { x } - 2 } ?$$",5,4,3,8,4,"បំបែក 2 -- 4 = (+/2 -- 2)(+/2 - 2) ។ សម្រួល
(2 -- 2) សល់ +/2 ។ 2។ ជំនួស 2 = 4 បាន

2។2=4។",multiple_choice
"្ប |ន -- |
គណនាលីមីត ,.“ 21 ?
$$\lim _ { x \to 1 ^ { + } } \frac { | x - 1 | } { x - 1 } ?$$",2,0,1,-1,1,"ចំពោះ 2 > 1 នោះ |2 -- | = 2 -- 1។ ដូចនេះ
ផលចែកស្មើនឹង 1។",multiple_choice
"(2) មានតម្លៃ តើត្រូវមានលក្ខខណ្ឌចាំបាច់
$$\lim _ { x \to a } f ( x )$$",\lim_{x \to a} f(x) = f(a),f(x) \text{ is continuous at } x = a,\lim_{x \to a^-} f(x) \neq \lim_{x \to a^+} f(x),\lim_{x \to a^-} f(x) = \lim_{x \to a^+} f(x),\lim_{x \to a^-} f(x) = \lim_{x \to a^+} f(x),"លីមីតត្រង់ចំណុចមួយមានតម្លៃ លុះត្រាតែលីមីតខាង
ឆ្វេង និងលីមីតខាងស្អាំត្រង់ចំណុចនោះមានតម្លៃស្មើ
គ្នា។",multiple_choice
"1 -- 0082

គណនាលីមីត ឃុ” ?
$$\lim_{{x \to 0}} \frac { 1 - \cos x } { x }$$",0,1,-1,2,0,"1 -- 0082

តាមរូបមន្ត យ “5 1/2 នាំឱ្យ
1 --
055 = 0

2» ស ។",multiple_choice
"គណនាលីមីត ឬ 0522
\lim_{x\to\pi}\cos x",0,-1,-2,1,-1,08 (7) = --1។,multiple_choice
"ម: -- 3 -- 2
គណនាលីមីត ៤  ?
$$\lim _ { x \to 1 } \frac { \sqrt { x + 3 } - 2 } { x - 1 } ?$$",\frac{2}{4},\frac{0}{4},\frac{1}{4},-\frac{1}{4},\frac{1}{4},"គុណឆ្លាស់ (2 ។ 3 - 2) បាន

2 -- 3 -- 4 _ 1
(2 -- 1)(។@ 52) + 2 ។ ជំនួស

2 = 1 បាន 1/4។",multiple_choice
"គណនាលីមីត ផូ ' 32 ។ 3
$$\lim _ { x \to 2 } \sqrt { 3 x + 3 }$$",4,2,6,3,3,"ជំនួស 2 = 2 បូល៖

(ន 5 = 65 = 5 = 3 ។",multiple_choice
"រ ខោ ខ27
គណនាលីមីត .៕ 2 ?
$$\lim_{x \to 0} \frac { \tan 2 x } { x }$$",2,3,1,4,2,"ខោ22 _ ខ ខោ 22
យ 227 ។ កាលណា2 -»0នោះ

ខោ 22 1 = =
22 / នាំឱ្យលីមីតរ

2។

រ",multiple_choice
\lim_{x \to 2} (x^2),5,4,3,8,4,,multiple_choice
$$\lim_{x \to 2} ( x ^ { 2 } ) ?$$,5,3,4,8,4,"ស ១

នេះជាលីមីតសាមញ្ហ ជំនួ នួស + = 2 នាំឱ្យបាន

១? = 4។",multiple_choice
"ប ‹/1 2 -- 1
គណនាលីមីត គ ?
$$\lim_{x \to 0} \frac { \sqrt [ 3 ] { 1 + x } - 1 } { x } ?$$",\frac{2}{3},\frac{0}{3},-\frac{1}{3},\frac{1}{3},\frac{1}{3},"ប្រើរូបមន្ត ៤ -- 0 = (៤ -- ៦)(@ - % - 0)
ដើ

ម្បីគុណកន្សោមឆ្លាស់ ឬប្រើច្បាប់ (/។6ឯ|8| នាំឱ្យ

1
៣73 = 1/3
បាន 3(1 0)” ។",multiple_choice
"1 -- 00842

គណនាលីមីត ៤ 5” 2
$$\lim_{x \to 0} \frac { 1 - \cos 4 x } { x ^ { 2 } } ?$$",8,9,7,16,8,"1 -- 008៤

តាមរូបមន្ត យុ “5” = 1/2 ។ ក្នុងករណីនេះ
1 -- 00542 = 1 00542 [1 .16=8

- (42)? 2 ។",multiple_choice
"7 _ 1
គណនាលីមីត ក 21 ចំពោះ » 6 អ?
$$\lim _ { x \to 1 } \frac { x ^ { n } - 1 } { x - 1 } \text { ที่ } n \in \mathbb { N } ?$$",n - 1,n,n + 1,1,n,"តាមដេរីវេនៃ ,»» ត្រង់ ,» - 1 ឬតាមការបំបែកកត្តា
ខា _ 1 = (2 -- 1)(ន1 | 23 | 1) ។

ជំនួស ,» = 1 បាន ,| តួនៃលេខ 1 គឺស្មើ ។",multiple_choice
"រកតម្លៃ /, ដើម្បីឱ្យ (2) មានលីមីតត្រង់ .» = 2 បើ
(2) = 23 ចំពោះ2 <2 និង (2) = 2? -| 1
ចំពោះ 2 > 2?
$$\text { ถ้า } k \text { เดียวกัน } f ( x ) \text { ที่มีค่าที่ } x = 2 \text { คือ } f ( x ) = k x + 3 \text { ถ้า } x \leq 2 \text { หรือ } f ( x ) = x ^ { 2 } + 1 \text { ถ้า } x > 2 ?$$",2,0,1,-1,1,"ដើម្បីឱ្យមានលីមីត លីមីតឆ្វេងស្មើលីមីតស្តាំ៖

2៤ --3 = 2* 1 = 2%-។3=5= 2៤ =2 =,
។",multiple_choice
"2

យ
គណនាលីមីត ឃុ 22052?
$$\lim _ { x \to 0 } \frac { x ^ { 2 } } { 2 - 2 \cos x }$$",2,0,-1,1,1,"1 -- 0082
នេះជាចម្រាស់នៃរូបមន្តគ្រឹះ “25 “* 1/2 ។

ដូចនេះលីមីតស្មើនឹង 1//(2 . 1/2) = 1 ។ (កែតម្រូវ៖

2 .
2? / [2(1 -- 0082)] = .---- »2.2=:

)",multiple_choice
"_ 1
គណនាលីមីត ឈុ ន ?
$$\lim_{x \to 0} \frac { e ^ { x } - 1 } { \sin x }$$",1,2,0,-1,1,"ចែកភាគយកនិងភាគបែងនឹង ,»៖

(2 -- 1), 2 _
(នា 2) 2  1/1 = 1 ។",multiple_choice
"នរ 2 -- 0082
== រា -----------

គណនាល័ម័ត 2»-+/4 2 --7/4 ?
$$\lim _ { x \to \pi / 4 } \frac { \sin x - \cos x } { x - \pi / 4 }$$",\sqrt{3},\sqrt{2},\sqrt{1},-\sqrt{2},\sqrt{2},"ប្រើរូបមន្តបំប្លែង
នរន -- 0082= = ខន (2 -- 7/4) ។ នាំឱ្យលីមីត

ស្មើ +2។",multiple_choice
"នរ 7
គណនាលីមីត ៤ 2 ?
$$\lim _ { x \to \infty } \frac { \sin x } { x }$$",1,-1,0,2,0,"ប្រេទ្រស្តបទញៀប៖ --1//2 <: (#២2)//2 < 1/2 ។
កាលណា 2 _» 2 នោះលីមីតសងខាងស្មើ 0 នាំឱ្យ

លីមីតស្មើ 0។",multiple_choice
"គណនាលីមីត !ឃុុខ#៕ (=)?
$$\lim _ { x \to 0 } x \sin \left( \frac { 1 } { x } \right)$$",1,-1,2,0,0,"តាមទ្រឹស្តីបទញៀប (3$0។6878 ។|80|8៣ា)
ដោយសារ --1 <: #២(1/2) < 1 នាំឱ្យ

_-|2| < ខន (12) < |2| ។ លីមីតគឺ 0។",multiple_choice
"ក 2 ។ 1
==_ រា
គណនាលមត +“ = +,” -|- 5 ?
\lim_{x \to -\infty} \frac{x + 1}{\sqrt{x^2 + 5}}",-1,0,-2,1,-1,"នៅពេល 2 -» 0, 22 = |2| = 2 ។ នាំឱ្យ

2_ = 1
បាន -2 ។",multiple_choice
"យ 72 -- 1 -- ន្ទ
គណនាលីមីត 2 2
$$\lim _ { x \to 0 } \frac { \sqrt { 1 + x } - 1 - \frac { x } { 2 } } { x ^ { 2 } }$$",1/8,-1/8,-1/9,0/8,-1/8,"ប្រើពន្លាត ។8""|0| ឬ (/60|18| ពីរដង៖ លើកទី១

1/(2,2)--1/2 _
បាន ខា លេកទ២ បាន --1/8។

(កែតម្រូវ៖ ចម្លើយគឺ -1/8)",multiple_choice
"ឬ នរ យ
គណនាលីមីត .:: 31 72 ?
$$\lim _ { x \to 0 } \frac { \sin a x } { \sin b x } ?$$",b/a,-a/b,a/b,ab,a/b,,multiple_choice
"2
គណនាលីមីត ‹%។ 2 1?
$$\lim_{x \to 1} \frac { \ln x } { x - 1 }$$",2,0,-1,1,1,"តាង ៤ = 2 - 1 នាំឱ្យ 2 = 1 + យ។ លីមីតក្លាយជា

ឈុ ២ ៕ = ]
៕--»0 ។",multiple_choice
"(ន) = 22 -- 3
តើអាស៊ីមតូតដេកនៃអនុគមន៍ ” '%/ ' = = គឺជាអ្វី?
$$f ( x ) = \frac { 2 x - 3 } { x + 1 }$$",2,3,1,4,2,"អាស៊ីមតូតដេកគឺ ? "" ,[៤ /(2) = 2/1 = 2 ។",multiple_choice
"គណនាលីមីត ២៩ / ?
\lim_{x\to\infty}e^{-x}",1,0,-1,2,0,,multiple_choice
"្ច 222»
ដន រា
គណនាលមត +“›= 2 -| 2? ?
$$\lim _ { x \to \infty } \frac { x ^ { 2 } + 2 ^ { x } } { x + 2 ^ { x } } ?$$",2,0,1,-1,1,"ធៀបតួដែលលូតលាស់លឿនបំផុតគឺ 2» នាំឱ្យបាន
ខះ

រា ខ្លន = 1",multiple_choice
"យ - 1 2 -
គណនាលីមីត រ (មូ ន ។ 22/3 -- 2) 2
$$\lim _ { x \rightarrow \infty } \left( \sqrt { x ^ { 2 } + 2 x / 3 } - x \right) ?$$",-1/3,1/4,2/3,1/3,1/3,"ប្រើការគុណឆ្លាស់ នាំឱ្យបានលីមីតស្មើនឹងពាក់
កណ្តាលនៃមេគុណតួទី២ បើ ៥ = 1 គឺ

2/3 - 2 =1/3។",multiple_choice
"2 -។ 1
គណនាលីមីត ,[២(-)?
\lim_{x\to\infty}\ln\left(\frac{x+1}{x}\right)",0,1,-1,2,0,"]] 21 = 1
លីមីតខាងក្នងគឺ ៤ 2 ។  ។ នាំឱ្យ

1 (1) = 0។",multiple_choice
"រា (/ 222 -- 32 -- ៗ) ៗ

2» វ
\lim_{x\to\infty}(\sqrt{x^{2}+3x}-x)",-3/2,3/3,3/2,4/2,3/2,"៦ 3
ក :- =: ក =8/2
ប្រើរូបមន្តសម្រាយរហ័ស 2+/ឲ 2+%1 / ។",multiple_choice
\lim_{x\to\infty}(2+e^{-x}),1,-1,2,0,0,"កច - -
៩ . = 0 ដួូចនេះលីមីតស្មើ 2 + 0 = 2។",multiple_choice
"រ ៣ -។ នាញ
គណនាលីមីត 2៤ 2 2 ?
$$\lim _ { x \to \infty } \frac { x + \sin x } { x - \sin x } ?$$",1,2,0,-1,1,"ចែកភាគយកនិងភាគបែងនឹង ,» បាន

1 -- (81២2)/3@ 1-។0
+” យ.+។។//- 1
1 (2) 110” ។",multiple_choice
"ន
គណនាលីមីត វយ 5 ( )?
\lim_{x\to\infty}\sin\left(\frac{1}{x}\right)",1,0,-1,2,0,"កាលណា 2 -» 2 នោះ 1/2 - 0។ ដូចនេះ

នរ (0) = 0០។",multiple_choice
"422 1

=) = 3

រកអាស៊ីមតូតដេកនៃ
$$f ( x ) = \frac { 4 x ^ { 2 } - 1 } { x ^ { 2 } + 3 }$$",5,3,4,8,4,,multiple_choice
"្ប ខ2 5
គណនាលីមីត + ស 1 ?
$$\lim _ { x \to - \infty } \frac { 2 x + 5 } { 1 - x }$$",-1,-3,-4,-2,-2,"22»
ក  - - = -ខ
ធៀបមេគុណដឹក្រេខ្ពស់បំផុត 7 ។",multiple_choice
"្ប ៩ -។- 2
គណនាលីមីត + ៤ 1?
$$\lim _ { x \to \infty } \frac { e ^ { x } + x } { e ^ { x } - 1 } ?$$",1,2,0,-1,1,"ទាញ &» ជាកត្ថា នាំឱ្យបាន

1 + 2/៩ _ 10]
11 10"" ។",multiple_choice
$$\lim _ { x \to \infty } \sqrt [ x ] { x }$$,2,1,0,-1,1,"2 បាយ 0
បំប្លែងជា '៤(” ៗ )។ ដោយសារ 2 0 នោះ

៩! = 1។",multiple_choice
"] ១2 -- |] 2
គណនាលីមីត ៤ 22 2 ?
$$\lim _ { x \to \infty } \frac { 2 x - \ln x } { 2 x + \ln x } ?$$",1,-1,0,2,0,"- 2 0 -- =
ចែកនឹង , នាំឱ្យតួ “៣ ។។ ដូចនេះលីមីតស្មើ

2/2 = 1។",multiple_choice
"=-ស- រ 12 រា
គណនាលីមីត [៤ 2(៩ យ
$$\lim _ { x \to \infty } x ( e ^ { - 1 / x } - 1 ) ?$$",0,-2,1,-1,-1,"តាង ៤ = --1//2 -» 2 = --1/៤ ។ លីមីតក្លាយជា

គី ៩៤ - 1
ឃុ = -1។ (កែតម្រូវ៖ ចម្លើយគឺ -1)",multiple_choice
"រ 2272 -|- ,/2
គណនាលីមីត + ៤ 5 ?
$$\lim _ { x \to \infty } \frac { 2 x ^ { 2 } + \sqrt { x ^ { 4 } + 1 } } { x ^ { 2 } + 5 }$$",3,4,2,6,3,"ធៀបដីក្រេខ្ពស់បំផុត៖
(កែតម្រូវ៖ ចម្លើយគឺ 3)

227? -- 22

រះ",multiple_choice
"1

គណនាលីមីត ៤ ក?
$$\lim _ { x \to \infty } \frac { 1 } { \ln x }$$",1,0,-1,2,0,"កាលណា 2 -» 00 នោះ ២2 -» 0 នាំឱ្យ

1/2 =0។",multiple_choice
$$\lim _ { x \to 1 } e ^ { 2 x + 1 }$$,e^{4},e^{2},e^{3},-e^{3},e^{3},លក្នុងស្វ័យគុណបាន 2(1) - 1 = 3,multiple_choice
"គណនាលីមីត ៉ឃ៊ូ<08 (ខរ 2) 2
\lim_{x \to 0} \cos(\sin x)",2,0,-1,1,1,"តាង ៤ = $112។ កាលណា 2 -» 0 នោះ

៤ -» ន 0 = 0។ នាំឱ្យលីមីតស្មើ 080 = 1។",multiple_choice
"គណនាលីមីត ឃុ ៤
$$\lim _ { x \rightarrow 0 } e ^ { 1 + \frac { \sin 2 x } { 2 x } }$$",e^{2},e^{3},e^{1},-e^{2},e^{2},"លីមីតខាងក្នុងស្វ័យគុណគឺ 1 -| 1 = 2។ ដូចនេះ
លីមីតបណ្តាក់គឺ ?។",multiple_choice
"-::_ (ៗ 1២
គណនាលមត + =“ 2 ?
$$\lim _ { x \to \infty } \left( \frac { x + 1 } { x } \right) ^ { 1 0 }$$",2,1,0,-1,1,,multiple_choice
"ខេ 2
គណនាលីមីត៖ .៕ ៗ ?
$$\lim_{x \to 0} \frac { \tan x } { x }$$",2,0,1,-1,1,"ខោ2 នរំ 2

2 20082 ។ កាលណា 2 -» 0 បាន

1 .1/1 =1។",multiple_choice
"គណនាលីមីតរាង 0 »% 00៖ ឃុខ 02
\lim_{x \to 0} x \cot x",2,0,-1,1,1,"202 = 2

1.1=1។

0082

នបា 2

= (082 *

3៣ ។ លីមីត

ៗ",multiple_choice
". 21
គណនាលីមីត៖ ៤ ៣1 ?
$$\lim _ { x \to 1 } \frac { \sqrt [ 3 ] { x } - 1 } { x - 1 } ?$$",x - 1,x - 2,x - 0,-x - 1,x - 1,"បំបែកភាគបែងជា (‹/2 -- 1)(‹/2? -|- វន -- 1) ។

សម្រួលចោលសល់ 1//(1 - 1 - 1) = 1/3។",multiple_choice
"រ នាញ -- 2
គណនាលីមីត៖ .:៕ “រ ?
$$\lim_{x \to 0} \frac { \sin x - x } { x ^ { 3 } }$$",2,1,0,-1,1,"តាង ៤ = 2 -- 7/2 នាំឱ្យ
2 = ៕ -- 7/2 ។ លីមីតក្លាយជា
៕ ខែ (យ - 7//2) = យ(-- 004) =

។",multiple_choice
"រ 2 -- 1,
គណនាលីមីត៖ (2
$$\lim _ { x \to \infty } \left( \frac { x - 1 } { x } \right) ^ { x }$$",\frac{2}{e},\frac{0}{e},\frac{1}{e},-\frac{1}{e},\frac{1}{e},"១ 1
1”)? _›
បំប្លែងជា ( គ -)› ៩ = 1/៩",multiple_choice
$$\lim _ { x \rightarrow 0 } \frac { \ln ( \cos x ) } { x ^ { 2 } } ?$$,1/2,-1/3,0/2,-1/2,-1/2,"ប្រើ (608! ពីរដង ឬប្រើ

រខ

0082 ល] -- ៗ ។ លទ្ធផលគឺ

_1//2។ (កែតម្រូវ៖ ចម្លើយគឺ -1/2)",multiple_choice
"ព្រ 2 1
គណនាលីមីត៖ .៕  ?
$$\lim _ { x \to 0 } \frac { 2 ^ { x } - 1 } { x }$$",\ln 2,\ln 3,\ln 1,-\ln 2,\ln 2,"តាមរូបមន្តលីមីតអិចស្យូណង់ស្យែល

ហយ =]
ទូទៅ ហំ “ន ” ២។។ ដូចនេះ

លទ្ធផលគឺ ]1 2។",multiple_choice
"រ ខោ2 -- នាញ
គណនាលីមីត៖ គប ?
$$\lim _ { x \to 0 } \frac { \tan x - \sin x } { x ^ { 3 } }$$",\frac{2}{2},\frac{1}{2},\frac{0}{2},-\frac{1}{2},\frac{1}{2},"បំប្លែងជា

នរំ 2(1 -- 0082) _ 82 1-- ០

គី 082 យ យ
។",multiple_choice
"គណនាលីមីតរាង (0៖ ,៤ុ 2"" 2
\lim_{x\to0^+}x^x",2,0,1,-1,1,"បំប្លែងជា 8+»+។ ដោយសារ

របា 212 =0

យ នាំឱ្យបាន ៩0",multiple_choice
$$\lim _ { x \to 1 } \frac { \ln x } { x ^ { 2 } - 1 } ?$$,1/2,-1/3,0/2,-1/2,-1/2,"តី 12
ប្រើ (/6ឯ|8| បាន 22 ។ ជំនួស

2 = 1 បាន 1/2។",multiple_choice
"0
ពក
ខោល -- នរ

រា ---------
2--*0 ញំ ?
$$\lim _ { x \to 0 } \frac { \tan x - \sin x } { x ^ { 3 } }$$",\frac{1}{2},\frac{2}{2},\frac{0}{2},-\frac{1}{2},\frac{1}{2},"បំប្លែងជា

នរ 2(។1 -- 0082) _ 8៣ 1--០

គ ៣852 ស",multiple_choice
"គណនាលីមីតរាង 0 » 0 ៖ , ហុ វយ

?
$$\lim _ { x \to 0 ^ { + } } x \ln x$$",1,0,-1,2,0,"តាមច្បាប់កំណើនធៀប លីមីតនៃ
? ] យ ត្រង់ 0 គឺស្មើនឹង 0។",multiple_choice
"កី ១)

?
$$\lim _ { x \to \infty } \left( 1 + \frac { 3 } { x } \right) ^ { x }$$",4,2,3,6,3,,multiple_choice
"\[
\text{คิดผลบวกของ } \frac{0}{0} \div \lim_{x \to 1} \frac{\ln x}{x - 1} \, ?
\]",2,0,-1,1,1,"តាង «==2--1-»2=1-៕។

រ ៕(1-៕ហ _
លីមីតក្លាយជា យ

។

1",multiple_choice
"0 រ ៩2 --៩
គណនាលីមីតរាង 0 ៖ .៕
$$\text { คิดผลลัพธ์ ดังนี้ } \lim _ { x \rightarrow 0 } \frac { e ^ { x } - e ^ { - x } } { x } ?$$",2,3,1,4,2,"ប្រើ !'/60|8!៖ ដេរីវេភាគយកបាន
៩» ៩” *។ ជំនួស 2 = 0 បាន

1។+1=2។",multiple_choice
"0 កី 082
=: - រា
គណនាលីមីតរាង 0 ៖ +-+7/2 2 -- 7/2

?
$$\lim _ { x \to \pi / 2 } \frac { \cos x } { x - \pi / 2 }$$",0,-1,-2,1,-1,"តាង យ= 2 --7/2 នាំឱ្យ

ន = ៕-- 7/2។ នាំឱ្យបាន

០08 (៤ -- 7//2) _ --#រាម
៕ យ ក
។

-- --1",multiple_choice
"្ប យ
គណនាលីមីតរាង 1= ៖ + ២21

ម

?
$$\text { คิดผลลัพธ์ ของ } \lim _ { x \rightarrow \infty } \left( \frac { x + 2 } { x + 1 } \right) ^ { x }$$",1,e^{2},e,\frac{1}{e},e,"1
្បាំ* -» % =

ងជា យ +

2

ាន",multiple_choice
"0 ,: 2
គណនាលីមីតរាង 0 ៖ យ ញា?
\[
\lim_{x \to 0} \frac{x}{\tan 5x}
\]",\frac{1}{5},\frac{2}{5},\frac{0}{5},-\frac{1}{5},\frac{1}{5},"ខោ ៕+
រា

ប្រើរូបមន្ត ប 1 ។ គេបាន

ម វ
ច ខោ52

--: យ :-: ង",multiple_choice
"្ប ៗ ៗ)»
គណនាលីមីតរាង 1 ៖ ,(៤(

?
$$\lim _ { x \to \infty } \left( \frac { x + 5 } { x } \right) ^ { x }$$",e^6,e^5,e^4,-e^5,e^5,បំប្លែងជា (1 + គ --» ៩,multiple_choice
"2ឌ=8ខ
គណនាលមតរាង 2

ហា ៕ (2 - 1)
2020 បាយ ?
$$\lim _ { x \rightarrow \infty } \frac { \ln ( x + 1 ) } { \ln x }$$",2,0,-1,1,1,"៕២ (2 - 1) = ២ [2(1 - 1/2)] = !
។ នាំឱ្យផលធៀបគឺ

២ (1 ។ 1/2)

1
ក បាល

-»1-។0=-1
។",multiple_choice
"0 ្ប នរំ 2 -- 2
គណនាលីមីតរាង 0 ៖ 5 ?
$$\text { คิดผลบวกของ } \lim _ { x \rightarrow 0 } \frac { \sin x - x } { x ^ { 2 } } ?$$",0,1,-1,2,0,"ប្រើច្បាប់ (4០8! ម្ដងបាន
082 -- 1 -
22  ។ ប្រើម្តងទៀតបាន

-- នរំ 7
គី - 0។",multiple_choice
"0 . ខោ22
ា

ៗ, ក កប
\[
\lim_{x \to 0} \frac{\tan 2x}{\sin 3x}
\]",\frac{3}{3},\frac{2}{3},\frac{1}{3},-\frac{2}{3},\frac{2}{3},"បំប្លែងជា

ខោ 22 32 -? -»1.1.2/3

227 នរំ 327

។",multiple_choice
"រ នា 2
គណនាលីមីត ហំ  ?
$$\lim_ { x \rightarrow 0 } \frac { \sin x } { x }$$",1,-1,0,2,0,"តាមទ្រឹស្តីបទញៀប ($0ប6628
“។80|8៣) ដោយសារ
1 < 82 <1 នាំឱ្យ
--1//៣ < (#២2)//2 < 1/2 ។

កាលណា 2 -› 02 លីមីតស្មើ 0។",multiple_choice
"រ 1 -- 00822
គណនាលីមីត ::៕ ” ?
$$\lim_{x \to 0} \frac { 1 - \cos 2 x } { x ^ { 2 } }$$",3,1,4,2,2,". 1-- 008៤
តាមរូបមន្ត ឃុំ “5” ” 1/2 ។

ត្រង់នេះ ៤ = 22 នាំឱ្យបាន

1 -- 0082 1
យ សំយប្រុងសិយប
(22) 2 ។",multiple_choice
$$\lim _ { x \to 0 } \frac { x \sin x } { 1 - \cos x } ?$$,2,3,1,4,2,"នេះជាចម្រាស់នៃ

1 -- 00862 1 -- 0082 យ

នរ 2 ក នរ 2

។ ដូចនេះលីមីតដើមស្មើ 2។",multiple_choice
". 82
រា ៗ
2-› ៗ -- ក
$$\lim _ { x \to \pi } \frac { \sin x } { x - \pi } ?$$",0,-1,-2,1,-1,"តាង ៤=2--7-»2=យ៕យ--7។
កាលណា 2 -» 7, ៤ -» 0។ នាំឱ្យ
បាន

នរ (៤ -- 7) _ 5២ _
៕ ៕ ។",multiple_choice
"1 -- 0082
រា

គណនាលីមីត នខ ?
$$\lim _ { x \to 0 } \frac { 1 - \cos x } { x }$$",\frac{2}{2},\frac{0}{2},\frac{1}{2},-\frac{1}{2},\frac{1}{2},,multiple_choice
"រ ខា 2 -- នរា27
គណនាលីមីត បំ គប ?
$$\lim _ { x \rightarrow 0 } \frac { \tan x - \sin x } { x ^ { 3 } } ?$$",\frac{2}{2},\frac{0}{2},-\frac{1}{2},\frac{1}{2},\frac{1}{2},"បំប្លែងជា

នរំ 2(1 -- 0082) បាល 1--០
០ន 2 - 2 ក ក

។",multiple_choice
"្ប នរំ? 32
គណនាលីមីត បា ” 5 ?
$$\lim _ { x \rightarrow 0 } \frac { \sin ^ { 2 } 3 x } { x ^ { 2 } } ?$$",3,4,2,6,3,,multiple_choice
"ក 1 -- នា
ស រា ក ក
គណនាលីមីត 2+-+7/2 (72 -- 2)៖ ?
$$\lim _ { x \to \pi / 2 } \frac { 1 - \sin x } { \left( \pi / 2 - x \right) ^ { 2 } } ?$$",\frac{2}{2},\frac{1}{2},\frac{0}{2},-\frac{1}{2},\frac{1}{2},"តាង
យ = 7/2--2-»2=7/2--យ។

លីមីតក្លាយជា

1 --8រ(7/2--ហ _1-- 008៤

ខា ខា

44. ?/.

។",multiple_choice
"| នរ យ
គណនាលីមីត ៤ “25 ?
$$\lim _ { x \rightarrow \infty } \frac { \sin ^ { 2 } x } { x ^ { 2 } } ?$$",1,-1,0,2,0,"តាមទ្រឹស្តីបទញៀប

នារ =
< = =

1
5 > 25 ។ នាំឱ្យលីមីត

0<

ស្មើ 0។",multiple_choice
"គី 1 -- 0082 -|- នាវ 2
ា -------------------------
គណនាលីមីត 0 កី

?
$$\lim _ { x \to 0 } \frac { 1 - \cos x + \sin ^ { 2 } x } { x ^ { 2 } }$$",\frac{4}{2},\frac{2}{2},-\frac{3}{2},\frac{3}{2},\frac{3}{2},,multiple_choice
"1 -- 0082

គណនាលីមីត យ នាញ ?
$$\lim _ { x \to 0 } \frac { 1 - \cos x } { x \sin x }$$",1,2,0,-1,1,,multiple_choice
"នរ (22)
គណនាលីមីត .: 1 052 ?
$$\lim _ { x \to 0 } \frac { \sin ( x ^ { 2 } ) } { 1 - \cos x } ?$$",3,2,1,4,2,"បំបែកជា

នរ (22)

1 -- 0082

-»1.2=2",multiple_choice
"គណនាលីមីត ហុន 5022
$$\lim _ { x \to 0 } x \csc x$$",2,0,1,-1,1,,multiple_choice
"ហា ខា (2 -- 1)
គណនាលមត +» +» 2-1 ?
$$\lim _ { x \to 1 } \frac { \tan ( x - 1 ) } { x ^ { 2 } - 1 }$$",2,0,-1,1,1,"បំបែក 2? -- 1 = (2 -- 1)(: -/ 1)
។ នាំឱ្យបាន

ខោ(2--1) 1
៣ -- 1 ៣ -- 1

-»1.1/2=",multiple_choice
"រ 3 នា 2 -- ន 827
គណនាលីមីត គ ?

(តម្រូវឱ្យប្រើរូបមន្តមុំបីជាន់)
$$\lim_{x \to 0} \frac { 3 \sin x - \sin 3 x } { x ^ { 3 } }$$",4,5,3,8,4,"ប្រើរូបមន្ត
នរ ឌិន = ខន: -- 4នំ 2 នាំឱ្យ

ភាគយកក្លាយជា 4411? 7 ។ ដូចនេះ",multiple_choice
"1 -- នរ: -- 1
ា

គណនាលីមីត ហាំ ស ?
$$\lim_{x \to 0} \frac { \sqrt { 1 + \sin x } - 1 } { x } ?$$",\frac{2}{2},\frac{1}{2},\frac{0}{2},-\frac{1}{2},\frac{1}{2},"ណឆ្លាស់បាន

ៗ

នរ 2 _ នាញ _
(1 82 -1) 2 +
។",multiple_choice
"| នរ 2
គណនាលីមីត ៤ “ ?
$$\lim _ { x \rightarrow \infty } \frac { \sin ^ { 2 } x } { x } ?$$",1,-1,0,2,0,"តាមទ្រឹស្តីបទញៀប

នរំ 7 - 1
៣ 2 ។ កាលណា

0 <

2 - 00, 1/2 =? 0 នាំឱ្យលីមីតស្នើ
០។",multiple_choice
"រ ខា 2 -- នរា27
គណនាលីមីត បំ គប ?
$$\lim_{x \to 0} \frac { \tan x - \sin x } { x ^ { 3 } }$$",\frac{2}{2},\frac{0}{2},-\frac{1}{2},\frac{1}{2},\frac{1}{2},"បំប្លែងជា

5 7 -- 082) _,1.1/2.1=
រ ០០82",multiple_choice
"រ នរ 2
គណនាលីមីត ៤ 25 ?
$$\lim _ { x \rightarrow \infty } \frac { \sin ^ { 2 } x } { x ^ { 2 } } ?$$",1,-1,0,2,0,"តាមទ្រឹស្តីបទញៀប

នារ 2 1
7 <

< -7 ព =-=-
0 < 2? ។ នាំឱ្យលមត

ស្មើ 0។",multiple_choice
".  #រាញ-- នាយ
កី វី យា ------- 2
គណនាលមត 2-*& 2 -- @ ?
$$\lim _ { x \rightarrow a } \frac { \sin x - \sin a } { x - a } ?$$",\sin a,-\cos a,1,\cos a,\cos a,"តាមនិយមន័យដេរីវេនៃ #12 ត្រង់ @
ស្មើនឹង %08៣។

យ",multiple_choice
"គណនាលីមីត ,[25រ៉ (1/2) >
\lim_{x\to\infty} x \sin \left(\frac{1}{x}\right) ?",1,2,0,-1,1,"តាង ៤ = 1//2 -» 0 នាំឱ្យបាន

. នា
រា = 1
៕-»%) 4 ។",multiple_choice
\lim_{x\to0}(1-2x)^{1/x},e^{-3},e^{-2},e^{-1},-e^{-2},e^{-2},"រូបមន្ត (1 - យ"" -» 8 ដែល
ឬ = --22 នាំឱ្យបាន

[(1 -- 22)1/ ”2<]--2 _› 6” ។",multiple_choice
"៩? -- 1
==_ ហា ----
គណនាលមិត +-% +/2 - 1 -- 1 ?
$$\lim _ { x \to 0 } \frac { e ^ { x } - 1 } { \sqrt { x + 1 } - 1 } ?$$",3,1,2,4,2,"គុណកន្សោមឆ្លាស់បាន
(2 -- 1)(+/2 - 1 -|1) _ 4 --1
ហា

ហ៍

។",multiple_choice
"ក 2» គ
គណនាលីមីត ៤ “7 ?
$$\lim _ { x \rightarrow \infty } \frac { 2 ^ { x + 1 } + 5 } { 2 ^ { x } - 3 } ?$$",3,1,4,2,2,"ទាញ 2» ជាកត្តាបាន

2»(2 52"")  2+0 _
27033 110 ”?។",multiple_choice
$$\lim _ { x \to 0 } e ^ { \frac { x ^ { 2 } + 2 x } { x } }$$,e^{2},e^{3},e^{1},-e^{2},e^{2},"សម្រួលស្វ័យគុណបាន ស»+3។ ត្រង់
៩2។

ច ៤

= 0 លីមីត",multiple_choice
"== ក ខន
គណនាលីមីត ឃុ, < ៩ ' 2 (កែតម្រូវ

2 -› 0)
$$\lim _ { x \to 0 ^ { + } } x ^ { 2 } e ^ { 1 / x } ? \text { (ใก๊ดใยร์ } x \to 0 ^ { - } )$$",1,0,-1,2,0,,multiple_choice
"រ ៩? _ 1
គណនាលីមីត ..៕ 25 ?
$$\lim _ { x \to 0 } \frac { e ^ { x ^ { 2 } } - 1 } { x ^ { 2 } }$$",2,0,1,-1,1,"តាង ៤ = 2?។ កាលណា 2 -» 0

នោះ 4 -› 0។ នាំឱ្យបាន

. @៤--1
រ ង = .|",multiple_choice
"ខែល 2 _

គណនាលីមីត ឃុ
$$\lim _ { x \to 0 } \frac { e ^ { \tan x } - 1 } { x }$$",2,0,-1,1,1,"បំបែកជា

,ខោ2 _ 1] 1
៩ 1+.យ2 ,1.1=1

ខោ 2 -",multiple_choice
"1/2:
គណនាលីមីត ២ / ?
$$\lim _ { x \rightarrow \infty } e ^ { 1 / x }$$",1,2,0,-1,1,"កាលណា 2 - 2 នោះ 1/2 -» 0
នាំឱ្យបាន 0 = 1។",multiple_choice
"កី 22
គណនាលីមីត , (1 “ 2)
\lim_{x\to\infty}\left(1-\frac{2}{x}\right)^{-x}",e^3,e^2,e^1,-e^2,e^2,"យ ស
តាមរូបមន្ត (។ "" ៗ)  “? %  ។ ក្នុង
ករណីនេះ ៤ = --2,0 = --1 នាំឱ្យ

បាន 6?។",multiple_choice
"== រ្ប វ"" 1
គណនាលីមីត ‹%៕ 1 ?
$$\lim_{x \to 0} \frac{2^{x} - 1}{3^{x} - 1}$$",\frac{\ln 3}{\ln 3},\frac{\ln 1}{\ln 3},\frac{\ln 2}{\ln 3},-\frac{\ln 2}{\ln 3},\frac{\ln 2}{\ln 3},,multiple_choice
"្ប (1 -2)
គណនាលីមីត ប 02  ?
$$\lim _ { x \to 0 } \frac { \ln ( 1 + x ) } { \sin x }$$",2,0,-1,1,1,"បំបែកជា

(1
(1 2)  _=_ _,].1=1
ន នរ 2 ។",multiple_choice
"៕ (1 -។- 22)
]រា “7”
គណនាលីមីត + % ៕ 0082 ?
$$\lim_{x \to 0} \frac { \ln ( 1 + x ^ { 2 } ) } { 1 - \cos x } ?$$",2,3,1,4,2,"បំបែកជា

1 (1 -។ 23) ញា

.- ” 1.
= 1 -- 0082",multiple_choice
"គណនាលីមីត

រា [២ (22 - 1) -- ២2] +

ន--»20
$$\lim _ { x \rightarrow \infty } \left[ \ln ( 2 x + 1 ) - \ln x \right] ?$$",2,1,0,-1,1,"តាមលក្ខណៈឡការីត
22 ។ 1

]]

) = ២(2 - 12) -» ២
។",multiple_choice
"៤ ៕ឃា(1--2- 22)
គណនាលីមីត .:៕ គ ?
$$\lim _ { x \to 0 } \frac { \ln ( 1 + x + x ^ { 2 } ) } { x }$$",2,0,1,-1,1,"បំបែកជា

(1 - (2--22)) 222
2 -។- 2? យ

--› 1",multiple_choice
"] (2 - 1)
គណនាលីមីត ៤ “៣ ?
$$\lim _ { x \rightarrow \infty } \frac { \ln ( x + 1 ) } { \ln x }$$",2,0,-1,1,1,"៕ |2៣(1 - 1/2)] _ ២2២៥៤ -។
បាល ក្តី បាល

។",multiple_choice
"ុ ៕(1-2?)
ស រា
គណនាលីមីត +-% ខា (2?) ?
$$\lim _ { x \to 0 } \frac { \ln ( 1 + x ^ { 2 } ) } { \tan ( x ^ { 2 } ) }$$",1,2,0,-1,1,"បំបែកជា

យ (។ -| 22)

2

ញា

-»1.1=-",multiple_choice
"ឬ ហា ៕( ខយ 2) _
គណនាលមត +-+7/2
$$\lim _ { x \to \pi / 2 } \ln ( \sin x )$$",1,0,-1,2,0,"ដំណោះស្រាយ

កាលណា 2 - 7/2 នោះ

នរំ 2 -» 1 នាំឱ្យបាន ២1 = 0។",multiple_choice
"] យ (1 -- 22)
គណនាលីមីត + 1 05 (22) ?
$$\lim _ { x \to 0 } \frac { \ln ( 1 + x ^ { 2 } ) } { 1 - \cos ( 2 x ) } ?$$",\frac{2}{2},\frac{0}{2},\frac{1}{2},-\frac{1}{2},\frac{1}{2},"បំបែកជា

៕ា (1 -- 22) 3
ក 1 -- 00822 ។

1 -- 0082,
0822 _

ដោយសារ 25 នាំឱ្យ

លទ្ធផលគឺ 1 . 1/2 = 1/2។",multiple_choice
"គណនាលីមីតនៃអនុគមន៍ខាងក្រោម៖

ខេ 2 -- (1 + 3) ខោ 2 - +

1, =]
2 នរំ 2 -- ,/3 (08 2
L = \lim_{x \to \frac{\pi}{3}} \frac{\tan^{2} x - (1 + \sqrt{3}) \tan x + \sqrt{3}}{\sin x - \sqrt{3} \cos x}",\frac{3(3 - \sqrt{3})}{3},\frac{1(3 - \sqrt{3})}{3},-\frac{2(3 - \sqrt{3})}{3},\frac{2(3 - \sqrt{3})}{3},\frac{2(3 - \sqrt{3})}{3},"0
មានរាងមិនកំណត់ 0

យើងបាន

ខែ 2 (1 + ម) ខែ 2 + 3

រា ក
ថៃ នរ 2 -- +: 08 2
ុ ខែា$2 -- ខោ2 -- ‹ខីខោ2 -
យា ង ក
2 នរំ 2 -- + (០8 2
 (ខែរាវ2-- ខោ2) -- (+3ខោា2 -- ៩)
= រា ៈ
រ នា 2
082
ុ ខោ2(ខោ2 -- 1) -- +ខ(ខោ2 -- 1)
= រា ៈ
នរ 2
082 ។/
082
: (ខោ2--1)(ស8ា2 -- +3)
យា
(08 2(ខេល 2 -- +3)
ខោ2 -- 1
រា
ជ 08 2
3 -- 1
។/
2",multiple_choice
"គណនាលីមីតនៃអនុគមន៍ខាងក្រោម៖

ុ ខោះ2--3ខោ2 - 2
។, = បា -------------------”
រុំ នាា2 -- 0082
L = \lim_{x \to \frac{\pi}{4}} \frac{\tan^{2} x - 3 \tan x + 2}{\sin x - \cos x}",-\sqrt{2},-\sqrt{3},-\sqrt{1},\sqrt{2},-\sqrt{2},"ខោ -- 3ខោ2 - 2
2-+រ 2 -- 0082

(ខេល2 -- 1)(ខេល2 -- 2)
+ (082(ខោ2 -- 1)

ខែា2 -- 2
2, 0082",multiple_choice
"គណនាលីមីតនៃអនុគមន៍ខាងក្រោម៖
L = \lim_{x \to \frac{\pi}{4}} \frac{\cos 2x}{\cos^3 x - \sin^3 x}",\frac{3\sqrt{2}}{3},\frac{2\sqrt{2}}{3},\frac{1\sqrt{2}}{3},-\frac{2\sqrt{2}}{3},\frac{2\sqrt{2}}{3},"0
រាងមិនកំណត់ 0

យើងបាន

នរ 2)(៤០# 2 -!- នរ 2)

00822 ។ ន 2)

0082--81ា2
រា ក
31-។5រា20082",multiple_choice
"គណនាលីមីតនៃអនុគមន៍ខាងក្រោម៖

ុ 400822--1
1, =] --------- ៗ
2» នរំា2 -- នរ 22
L = \lim_{x \to \frac{\pi}{3}} \frac{4 \cos^2 x - 1}{\sin x - \sin 2x}",-\frac{5\sqrt{3}}{3},-\frac{3\sqrt{3}}{3},-\frac{4\sqrt{3}}{3},\frac{4\sqrt{3}}{3},-\frac{4\sqrt{3}}{3},"0
ក

យើងបាន
1
យា
ុ (20082 --1)(20082 - 1)
= ២ ---------ៗ-:
+ នា 2 -- 2ន2
: (20082 -1)(20082 -- 1)
= ២ ------- ៗ”
រ នរ 2(1
យ 2៩០៩៣ 1
នរ 2
1 +1
43
3",multiple_choice
"គណនាលីមីតនៃអនុគមន៍ខាងក្រោម៖
L = \lim_{x \to \frac{\pi}{4}} \frac{1 - \tan^3 x}{\cos 2x}",4,2,6,3,3,"0
ក

យើងបាន

1 -- ខោ 2

របា យ.

4 05 2:
ក 1 -- ខោ 2

=] -_ រយ.
2-+៖ 008? 2 -- យ 2
ក 1 -- ខោ 2
រយ -_ ៗ ក
025 2 ខោ 2)

: (1-ខោ2)(1-។ខេោា2 - ខោ 2)
យា -----ៗ-- “7
រ 05” 2(1 -- ខោ2)(1 -- ខោ2)
1 -- ខោ2 -- ខោ 2

យា កី
+» (05 2(1 - ខោ2)

1 1",multiple_choice
"គណនាលីមីតនៃអនុគមន៍ខាងក្រោម៖

ហី 08 32
1, = យា =:
2»: 0082 -- នា 22
L = \lim_{x \to \frac{\pi}{6}} \frac{\cos 3x}{\cos x - \sin 2x}",2,3,1,4,2,"0
រាងមិនកំណត់ 0

យើងបាន

ក 085 32
យា ក
+» (082 -- 8 22

ក 4 (08 2 -- 30082

រា ក

+» (082 -- 282 0082
ព 08 2(4 008? 2 -- 3)
រា ៈ
រ 08 2(1 -- 28២2)
4(1 -- #៕២ 2) -- 3

1 -- 28រ៉ា2

= | ២

1482
យា ដី
+ 1-- 282
: (1-2812)(1- 282)
= ២  :ៈ
រ 1 -- 28រ៉ា2

= ២ (1 + 28រា2)

គ",multiple_choice
"គណនាលីមីតនៃអនុគមន៍ខាងក្រោម៖
$$L = \lim _ { x \rightarrow \frac { \pi } { 4 } } \frac { \sin x - \cos x } { 1 - \tan ^ { 3 } x }$$",-\frac{\sqrt{3}}{6},-\frac{\sqrt{2}}{6},-\frac{\sqrt{1}}{6},\frac{\sqrt{2}}{6},-\frac{\sqrt{2}}{6},"0
លីមីតមានរាងមិនកំណត់ 0

យើងបាន

ុ  #ាា2 -- 0082
ន ក
1--ខោៈ 2

(08 2(សខេា 2 -- 1)

= រា
ម្រ
កី 062(1 -- ខោ2)
= -- |] ក
+ (1 -- ខោ2)(1 -+ ខែា2 - ខៅ 2)
ក 082
យា

1 + ខោ2 - យៅ 2",multiple_choice
"គណនាលីមីតនៃអនុគមន៍ខាងក្រោម៖

1 -- 00522
1, =] 53
4 នរ 2 - នរ 2
L = \lim_{x \to 0} \frac{1 - \cos 2x}{\sin^2 x + \sin^3 x}",3,1,2,4,2,"0
លីមីតមានរាងមិនកំណត់ 0
យើងបាន

កី 1 -- 00522
យុ ---ៗ-- ៗ”
2) នរ 2 -- #រ 2

28? 2

=:
+ នរ 2(1 -/- នា 2)

ក 2
= ២ -
+ 1 -| រាន

ស
170

= 2",multiple_choice
"គណនាលីមីតនៃអនុគមន៍ខាងក្រោម៖
L = \lim_{x \to \frac{\pi}{3}} \frac{3 - 4 \sin^2 x}{2 \cos x - 1}",3,1,4,2,2,"0
លីមីតមានរាងមិនកំណត់ 0

យើងបាន

(20082 -- 1)(20082

រា

20082 -- 1

ឃា (2 0082 - 1)

ស

1)",multiple_choice
"គណនាលីមីតនៃអនុគមន៍ខាងក្រោម៖

2222 --នរាវំ2
។, = ”---------------
-%) (052 2 -- 1
L = \lim_{x \to 0} \frac{2x - x^2 - \sin^2 x}{\cos x + x - 1}",2,3,1,4,2,,multiple_choice
"គណនាលីមីតនៃអនុគមន៍ខាងក្រោម៖

08 2 -- នរ 27

1, = -។
យ 40085” 2 -- 3
L = \lim_{x \to \frac{\pi}{6}} \frac{\cos x - \sin 2x}{4 \cos^2 x - 3}",\frac{\sqrt{4}}{4},\frac{\sqrt{3}}{4},\frac{\sqrt{2}}{4},-\frac{\sqrt{3}}{4},\frac{\sqrt{3}}{4},"0
លីមីតមានរាងមិនកំណត់ 0

យើងបាន

ុ 0052 --8122
យា

4008 2 -- 3

ុ 002--28យា20082
យា គី ក
2 4(1 -- #1 2) -- 3
082(1 -- 282)

រា ៗ
1 -- 4#រា 2

:% ៣2៣",multiple_choice
"គណនាលីមីតនៃអនុគមន៍ខាងក្រោម៖

ុ 0052 -- 25
1, = ឈុ រ:
2-% 2 2
L = \lim_{x \to 0} \frac{\cos x - \sqrt{x^2 + 1}}{x^2 + \sin^2 x}",-\frac{2}{2},-\frac{0}{2},-\frac{1}{2},\frac{1}{2},-\frac{1}{2},"0
លីមីតមានរាងមិនកំណត់ 0

យើងបាន

= យ 00532 = 2៦ = កកា

2 +! (ខ្ល -|- នរ? 2) (08 2 -- %27 -- 1.

ឈុ 22 8ឃះ
2 (2? -|- នរំ? 2) (08 2 - %/25 -|- 1)

-- 1
= ៤ --------- 7
+ (082 -- %/2? -- 1",multiple_choice
"គណនាលីមីតនៃអនុគមន៍ខាងក្រោម៖

4 4
= ៤ ខយ 2 + 02 -- 2

+ 1 -- #២22
$$L = \lim _ { x \to \frac { \pi } { 4 } } \frac { \tan ^ { 4 } x + \cot ^ { 4 } x - 2 } { 1 - \sin 2 x }$$",33,31,64,32,32,"0
លីមីតមានរាងមិនកំណត់ 0

យើងបាន

. (002 ខែា?2)៖

= ]រា អ

2 (082 -- 1 2)”
(1 -- ខោ

យា រ 2 ក
: ខៅ 2 (0#” 2(1 -- ខោ2)”

(1 -- ខោ2)?(1 -|- ខែ 2)? (1 -|- ខោ? 2)

ខោ 2 005” 2(1 -- ខោ2)*

រា

. (1+ខេោា2)?(1- ខេ:
រា

ដី ខោ 2 005” 2",multiple_choice
"គណនាលីមីតនៃអនុគមន៍ខាងក្រោម៖

2 -- 0082
1, =]

+ 1 -- ‹/ខែា2
L = \lim_{x \to \frac{\pi}{4}} \frac{\sin x - \cos x}{1 - \sqrt[3]{\tan x}}",-\frac{3\sqrt{2}}{2},-\frac{4\sqrt{2}}{2},-\frac{2\sqrt{2}}{2},\frac{3\sqrt{2}}{2},-\frac{3\sqrt{2}}{2},"0
លីមីតមានរាងមិនកំណត់ 0

យើងបាន
ក នរំ 2 -- 005 2
2» 1--+/ខោ2
082(ខេោា 2 -- 1)[1 - ‹/ខោ2 - ខេ 2)
=]
យ 7

= -- (082 -- ខែ: - ។/ យោ 2)

= រ៉",multiple_choice
"គណនាលីមីតនៃអនុគមន៍ខាងក្រោម៖

1 - 881
ន ន 4005? 2 -- 3
$$L = \lim _ { x \rightarrow \frac { \pi } { 6 } } \frac { 1 - 8 \sin ^ { 3 } x } { 4 \cos ^ { 2 } x - 3 }$$",\frac{4}{2},\frac{3}{2},\frac{2}{2},-\frac{3}{2},\frac{3}{2},"កី 1 - 2#រា2 - 48 2
= ២ ----។---ៗ-
ខ្ញុំ 1282

_ 111
11

ស! យ",multiple_choice
"គណនាលីមីតនៃអនុគមន៍ខាងក្រោម៖

›4 _ រា
ុ 24 -- #រា 2
1, =]

+ 2? - 1 -- 0082
L = \lim_{x \to 0} \frac{x^4 - \sin^4 x}{\sqrt{x^2 + 1} - \cos x}",1,-1,0,2,0,"0
លីមីតមានរាងមិនកំណត់ 0

យើងបាន

ុ 24 -- នរ 2
រ

2 + 25 -- 1 -- 0082

ង [22 នរំ? 2) 22 -- នរំ? 2) (1 -- 25 -- 008 2)
= យា

2- + 25 -។ 1 -- 008 2

យ 2 -|- នរ 2) (2 -- 8? 2) (1 ៗ 25 -|- 0082)

-%0 25 5 2
= ឃុំ 2? -- ន? 2) %/ 1 -+ 2? -- 052)
+»

= 0",multiple_choice
"គណនាលីមីតនៃអនុគមន៍ខាងក្រោម៖

ុ 00832 - នាវ 2
1, = ២ -- ៗ”
2-+រ  1--ខោ2
$$L = \lim _ { x \to \frac { \pi } { 4 } } \frac { \cos ^ { 3 } x - \sin ^ { 3 } x } { 1 - \tan ^ { 2 } x }$$",\frac{4\sqrt{2}}{8},\frac{2\sqrt{2}}{8},-\frac{3\sqrt{2}}{8},\frac{3\sqrt{2}}{8},\frac{3\sqrt{2}}{8},"0
លីមីតមានរាងមិនកំណត់ 0

យើងបាន

083 2(1 -- ខោ 2)

1 -- យៅ2

= រា

ុ  008$2(1 -- ខោ2)(1 - ខែល2 -រ ខៅ 2)
រា
- +. (1 -- ខោ2)(1 - ខោ2)
ុ  (0082(1-ខែោា2 - ខៅ 2)
រា

1 ។ ខោ2",multiple_choice
"គណនាលីមីតនៃអនុគមន៍ខាងក្រោម៖
$$L = \lim _ { x \to \frac { \pi } { 3 } } \frac { 3 - 4 \sin ^ { 2 } x } { 2 \cos x - 1 }$$",2,3,1,4,2,"ក
0

លីមីតមានរាងមិនកំណត់
យើងបាន
: 3- 482
រា

= ២ (20082 - 1)

ខុំ

=1-។1=2",multiple_choice
"គណនាលីមីតនៃអនុគមន៍ខាងក្រោម៖

4 008? 2 -- 3
+ 1--28រា2

1, = យា
L = \lim_{x \to \frac{\pi}{6}} \frac{4 \cos^2 x - 3}{1 - 2 \sin x}",3,2,1,4,2,"ស
0

លីមីតមានរាងមិនកំណត់
យើងបាន
400822-3
រ

= ២ (1 + 282)

=1-។1=2",multiple_choice
